{"cameraMode":{"drawMode":0,"name":"Shaded","section":"Shading Mode"},"sceneLighting":false,"audioPlay":false,"sceneViewState":{"m_AlwaysRefresh":false,"showFog":true,"showSkybox":false,"showFlares":true,"showImageEffects":true,"showParticleSystems":true,"showVisualEffectGraphs":true,"m_FxEnabled":true},"in2DMode":false,"pivot":{"x":0.058519840240478519,"y":0.06422840058803559,"z":-0.00045000016689300537},"rotation":{"x":0.4992513060569763,"y":-0.12517623603343965,"z":0.0731588676571846,"w":0.8542431592941284},"size":0.25468137860298159,"orthographic":false}