{"cameraMode":{"drawMode":0,"name":"Shaded","section":"Shading Mode"},"sceneLighting":false,"audioPlay":false,"sceneViewState":{"m_AlwaysRefresh":false,"showFog":true,"showSkybox":false,"showFlares":true,"showImageEffects":true,"showParticleSystems":true,"showVisualEffectGraphs":true,"m_FxEnabled":true},"in2DMode":false,"pivot":{"x":-0.012983672320842743,"y":-0.22527122497558595,"z":-0.48875439167022707},"rotation":{"x":0.5568816661834717,"y":0.09297676384449005,"z":-0.0629148855805397,"w":0.8229702115058899},"size":0.8202597498893738,"orthographic":false}