{"cameraMode":{"drawMode":0,"name":"Shaded","section":"Shading Mode"},"sceneLighting":false,"audioPlay":false,"sceneViewState":{"m_AlwaysRefresh":false,"showFog":true,"showSkybox":false,"showFlares":true,"showImageEffects":true,"showParticleSystems":true,"showVisualEffectGraphs":true,"m_FxEnabled":true},"in2DMode":false,"pivot":{"x":22.745702743530275,"y":0.49000000953674319,"z":-1.7413017749786378},"rotation":{"x":0.32752910256385805,"y":0.1387704610824585,"z":-0.048698410391807559,"w":0.9333263635635376},"size":0.7410668134689331,"orthographic":false}