{"cameraMode":{"drawMode":0,"name":"Shaded","section":"Shading Mode"},"sceneLighting":false,"audioPlay":false,"sceneViewState":{"m_AlwaysRefresh":false,"showFog":true,"showSkybox":true,"showFlares":true,"showImageEffects":true,"showParticleSystems":true,"showVisualEffectGraphs":true,"m_FxEnabled":true},"in2DMode":false,"pivot":{"x":28.351613998413087,"y":-12.291107177734375,"z":14.494853973388672},"rotation":{"x":0.2798110544681549,"y":0.18993248045444489,"z":-0.056574903428554538,"w":0.9393781423568726},"size":117.724853515625,"orthographic":false}