{"cameraMode":{"drawMode":0,"name":"Shaded","section":"Shading Mode"},"sceneLighting":false,"audioPlay":false,"sceneViewState":{"m_AlwaysRefresh":false,"showFog":true,"showSkybox":true,"showFlares":true,"showImageEffects":true,"showParticleSystems":true,"showVisualEffectGraphs":true,"m_FxEnabled":true},"in2DMode":false,"pivot":{"x":66.85177612304688,"y":6.544649124145508,"z":-16.72475814819336},"rotation":{"x":0.19576574862003327,"y":0.05880008265376091,"z":-0.011759196408092976,"w":0.9788182377815247},"size":16.510229110717775,"orthographic":false}