{"cameraMode":{"drawMode":0,"name":"Shaded","section":"Shading Mode"},"sceneLighting":true,"audioPlay":false,"sceneViewState":{"m_AlwaysRefresh":false,"showFog":true,"showSkybox":true,"showFlares":true,"showImageEffects":true,"showParticleSystems":true,"showVisualEffectGraphs":true,"m_FxEnabled":true},"in2DMode":false,"pivot":{"x":23.396099090576173,"y":2.9847869873046877,"z":-5.462327480316162},"rotation":{"x":0.15434032678604127,"y":0.22029322385787965,"z":-0.035326357930898669,"w":0.9625036716461182},"size":18.309091567993165,"orthographic":true}