{"cameraMode":{"drawMode":0,"name":"Shaded","section":"Shading Mode"},"sceneLighting":true,"audioPlay":false,"sceneViewState":{"m_AlwaysRefresh":false,"showFog":true,"showSkybox":true,"showFlares":true,"showImageEffects":true,"showParticleSystems":true,"showVisualEffectGraphs":true,"m_FxEnabled":true},"in2DMode":false,"pivot":{"x":5.905367374420166,"y":0.503244936466217,"z":0.6053661108016968},"rotation":{"x":0.0035030862782150509,"y":0.9656562209129334,"z":-0.2594720721244812,"w":0.013037151657044888},"size":4.604086399078369,"orthographic":true}