{"cameraMode":{"drawMode":0,"name":"Shaded","section":"Shading Mode"},"sceneLighting":false,"audioPlay":false,"sceneViewState":{"m_AlwaysRefresh":false,"showFog":true,"showSkybox":true,"showFlares":true,"showImageEffects":true,"showParticleSystems":true,"showVisualEffectGraphs":true,"m_FxEnabled":true},"in2DMode":false,"pivot":{"x":6.769231796264648,"y":3.451550006866455,"z":-2.401745319366455},"rotation":{"x":0.18629813194274903,"y":0.28424280881881716,"z":-0.056404225528240207,"w":0.9387960433959961},"size":1.6916723251342774,"orthographic":true}