{"cameraMode":{"drawMode":0,"name":"Shaded","section":"Shading Mode"},"sceneLighting":false,"audioPlay":false,"sceneViewState":{"m_AlwaysRefresh":false,"showFog":true,"showSkybox":true,"showFlares":true,"showImageEffects":true,"showParticleSystems":true,"showVisualEffectGraphs":true,"m_FxEnabled":true},"in2DMode":false,"pivot":{"x":24.442758560180665,"y":0.739181637763977,"z":-3.810905933380127},"rotation":{"x":0.28995174169540408,"y":0.27345237135887148,"z":-0.08684122562408447,"w":0.9130231738090515},"size":5.628118991851807,"orthographic":true}